edad,ingreso,compra,F_compra,I_compra,P_0,P_1
25,50000,0,0,0,0.9999999999,5.561486E-11
35,60000,1,1,1,0.0002628968,0.9997371032
45,80000,1,1,1,0.0001190079,0.9998809921
30,55000,0,0,0,0.9995403302,0.0004596698
50,90000,1,1,1,0.0000800676,0.9999199324
